page_title,qid
Abito Shrine,Q135195036
Abo Shrine,Q85884328
Abo Shrine (Moto‑Abo),Q135193375
Aburahi Shrine,Q11554359
Abushina Shrine,Q11657364
Achi Shrine (Q11657447),Q11657447
Achieno Shrine,Q135099002
Achie‑nobe Shrine,Q135195253
Achihaseno Shrine,Q135040230
Achiheisoheno Shrine,Q135040568
Achiko Shrine,Q135039659
Achiko Shrine (Q135270277),Q135270277
Achikouisobu Shrine,Q135070027
Achino Shrine,Q135039913
Achino Shrine okumiya,Q135194069
Achisukino Shrine,Q135040969
Adachi Shrine,Q115739544
Adachi Shrine (Kamikisaki),Q135193313
Adatara Shrine,Q11451521
Adatara Shrine (Q135194444),Q135194444
Afuchi Shrine,Q65260948
Afukako Shrine,Q135186246
Afukakotano- Shrine,Q135039287
Afukamuyamano Shrine,Q135039277
Afukamuyamano Shrine former site,Q135186196
Afukano- Shrine,Q135039281
Afuku Kahaku Shrine,Q11451153
Agata Shrine (Gifu),Q11608141
Aguasa Shrine,Q85884332
Ahachino Shrine (Q135229657),Q135229657
Ahano Shrine (Q135039173),Q135039173
Ahano Shrine (Q135039244),Q135039244
Ahanono Shrine,Q135039930
Ahasano Shrine,Q135039939
Ahashimano-isahano Shrine,Q135039455
Ahichino Shrine,Q135040534
Ahimino Shrine,Q135040300
Ahitano Shrine,Q135040419
Aijikaue Shrine (Legendary Site C),Q135186396
Ajiga Shrine,Q135186738
Ajiga Shrine (Q135186739),Q135186739
Ajika Shrine,Q11657713
Ajiko Shrine,Q110858812
Ajimano Shrine,Q135194649
Ajimino Shrine,Q135041427
Akaba Shrine,Q20042898
Akafuchino Shrine,Q135040608
Akagi Shrine,Q135039965
Akahikono Shrine,Q135039578
Akahono Shrine,Q135039839
Akakino Shrine former site,Q135194281
Akakunino Shrine,Q135040544
Akamino Shrine,Q135039844
Akanabe Shrine,Q11617261
Akanta Shrine,Q48758374
Akao Shibutaru Gunbe Shrine,Q135192665
Akaou Shrine,Q135069462
Akatano Shrine,Q135041010
Akatanushino Shrine,Q135098951
Akiba Shrine (Q135186229),Q135186229
Akishika Shrine,Q135070119
Akitomi Shrine,Q85884553
Akono Shrine,Q135041060
Akotanino Shrine,Q135040700
Akuhino Shrine,Q135039560
Akunami Shrine,Q28682730
Ama no iwa to wake no kami Shrine,Q135027312
Ama-no-Iwato-wake no Kami Shrine,Q135019513
Ama-no-iwato-wake-toyotamahimeno Shrine,Q135041351
Ama-no-iwato-wake-toyotamahimeno Shrine (Q135270444),Q135270444
Amahakarino Shrine,Q135041209
Amahibiki-no-Mikoto Shrine,Q135039865
Amahinatorino- Shrine,Q135040747
Amakohino Shrine,Q135041158
Amamurakumo Shrine,Q135198111
Amamurakumono Shrine,Q135041330
Amano Hachiman Shrine,Q135197900
Amano Shrine,Q135041512
Amano Shrine (Q135040693),Q135040693
Amano Shrine (Q135041281),Q135041281
Amano Shrine (Q135270269),Q135270269
Amanohashidate Shrine,Q107410068
Amanohinatorino Shrine,Q135040967
Amanohitokuhatano Shrine Site,Q135186661
Amanohohino- Shrine,Q135041106
Amanoihatowakenoyasukunitama- Shrine,Q135041454
Amanokagoyamano Shrine,Q135039290
Amanokaguyama Shrine,Q135069203
Amanokaguyama Shrine (Q98082987),Q98082987
Amanokawa no Mikoto Shrine,Q135193728
Amanotakutsutamano- Shrine,Q135041530
Amano‑Kaguyama Shrine,Q135186297
Amasashihikonomikoto Shrine,Q127783765
Amasashinowake Shrine,Q11442221
Amashirohikono Shrine,Q135040973
Amashirohimeno Shrine,Q135040974
Amatakekanakusano Shrine,Q135041144
Amatamitsu- Shrine,Q135039285
Amatarashi Shrine,Q11659781
Amateruno Shrine,Q135041549
Amaterutamano- Shrine,Q135040531
Amatsu Shrine,Q135197898
Amatsu Shrine (Q135195030),Q135195030
Amatsu Shrine (Q172253),Q172253
Amatsukahano- Shrine,Q135039870
Amatsukasahiko Shrine,Q107410066
Amatsukasahiko Shrine (Q107410067),Q107410067
Amatsukasahikono Shrine,Q135041313
Amatsuno Shrine,Q135041133
Amatsunumahikono Shrine,Q135041333
Amatsunumahikono Shrine (Q135270441),Q135270441
Amawake Toyohime Shrine,Q11442354
Amayo Shrine,Q135069908
Amayo Shrine (Yasaka Shrine Keidai-sha),Q135194538
Amayono Shrine,Q135040144
Amayono Shrine former site,Q135194539
Ame-no-Yahorotsu-hime Shrine (subsidiary of Oshio Hachimangū),Q135194521
"Amehikagehime Shrine (Nishibaba, Nakanoto Town)",Q135194884
"Amehikage‑Hime Shrine (Ninomiya, Nakanoto Town)",Q135194883
Amehikake- Shrine,Q135040317
Amehikake- Shrine (Q135289776),Q135289776
Amehimewakamikono Shrine,Q135098991
Ameihatowakeno Shrine,Q135041190
Amekunihimeno Shrine,Q135040141
Amekunitsuhikono Shrine,Q135040140
Amemahitotsunono Shrine,Q135041171
Ameno-tanakahimeno Shrine,Q135041507
Amenohayatamahimeno- Shrine,Q135039761
Amenohitokuhatano Shrine,Q135039363
Amenoihatowakenotono Shrine,Q135039864
Amenokunitsuhiko Shrine (small subsidiary within Oshio Hachimangū precinct),Q135194523
Amenokunitsuhiko Shrine (small subsidiary within Tsunemiya Shrine precinct),Q135194522
Amenokunitsuhime Shrine (small subsidiary within Oshio Hachimangū precinct),Q135194525
Amenokunitsuhime Shrine (small subsidiary within Tsunemiya Shrine precinct),Q135194524
Amenomikono- Shrine,Q135098973
Amenomorohanomikoto Shrine,Q135041529
Amenotanakawono Shrine,Q135041506
Amenotoyotarashikarahimenomikoto Shrine,Q24863642
Amesusuno Shrine,Q135098994
Ametachikarawono Shrine,Q135041283
Ametotsurukino Shrine,Q135098990
Ametsuseno- Shrine,Q135039676
Ametsuseno- Shrine (Q135270422),Q135270422
Amewakahikono Shrine,Q135040961
Amewakahikono Shrine (Q135040970),Q135040970
Ameyahotsurano Shrine,Q135039833
Ameyahoyorotsu- Shrine,Q135040139
Ameyoritateno Shrine,Q135041311
Ame‑no‑Morohano‑Mikoto Shrine,Q135198814
Ame‑no‑Morohano‑Mikoto Shrine (Q135198837),Q135198837
Ame‑no‑Morohano‑Mikoto Shrine (Q135198847),Q135198847
Ami Shrine,Q17191825
Ami Shrine (Q17191824),Q17191824
Amido Shrine,Q135069858
Amido Shrine (Q135194296),Q135194296
Amino Shrine,Q135039760
Aminono Shrine,Q135040585
Amuka Shrine,Q135195380
Amuka Shrine (Q135195381),Q135195381
Amukano Shrine,Q135040645
Amukano Shrine (Q135040530),Q135040530
Anagiri Daijinja,Q11597204
Anahoheno Shrine,Q135039491
Anaishi Shrine,Q24870597
Anakengoukoshudainamabuheishushin Shrine,Q135070066
Anamekino Shrine,Q135040668
Anamigo Toshunushi Ōube Hyoju Shrine,Q135195379
Anamizu Omiya Shrine,Q135194930
Anasahano- Shrine,Q135039729
Anashi Shrine,Q135186300
Anashi Shrine Site,Q135186302
Anashino Shrine,Q135039291
Anashino Shrine (Q135040067),Q135040067
Anatono- Shrine,Q135041228
Anatosanshin Shrine,Q135070198
Anatosanshin Shrine (Bitchū Province),Q135070199
Anazawa Tenjin Shrine,Q135193302
Anazawa Tenjin Shrine (Ronsha 1),Q135069520
Anazawa Tenjinsha,Q11597242
"Anekura Himemi Shrine (Funakura, Toyama City)",Q135194979
"Anekura Himemi Shrine (Kureha Town, Toyama City)",Q135194980
Anekura- Shrine,Q135040380
Aneno Shrine,Q135041062
Aniko Shrine,Q135194530
Anikogami Shrine,Q135069905
Anikono Shrine,Q135040143
Anmuka Shrine,Q135070067
Anmuka Shrine (Tajima Province),Q135070068
Antsukino- Shrine,Q135041237
Anumi Shrine (Q135198210),Q135198210
Aoi Shrine,Q11662605
Aoi Shrine (Chofu),Q135193309
Aokura Shrine,Q135070049
Aokura Shrine (Q135195327),Q135195327
Aomi Shrine,Q112923996
Aoyama Shrine,Q135039765
Araho Shrine,Q67989816
Arai Shrine (Nantan),Q11618386
Araishi Hiko Shrine,Q135194885
Araishi Shrine,Q135194887
Araiso- Shrine,Q135040319
Arakahano Shrine,Q135040475
Arakashi Shrine (Q135039974),Q135039974
Arakashi Shrine (Q135270258),Q135270258
Arakashi- Shrine,Q135040323
Arakatano Shrine,Q135039898
"Arakawa Shrine (Arakawa, Murakami)",Q135195154
"Arakawa Shrine (Koiwanai, Murakami)",Q135195153
Arakawa Shrine (Tainai),Q135195155
Araki Shrine,Q11618425
Araki Shrine (Izunokuni),Q117138364
Arakino Shrine,Q135040532
Arakurano Shrine,Q135039892
Arami Shrine,Q112161861
Arami Shrine (Tomino),Q135068854
Araogawa Shrine,Q135194323
Arasaka Shrine,Q135040729
Arashimano Shrine,Q135040222
Arasu Shrine,Q135070020
Arasu Shrine (Fukuchiyama City),Q135195230
Arasu Shrine (Maizuru City),Q135195231
Arasu Shrine (Tango Province),Q135070021
Arasuna Shrine,Q135195566
Arasuno Shrine,Q135040554
Arata Shrine,Q17191921
Aratano Shrine,Q135041167
"Arawogawa Shrine (Iketsuki, Iwadeyama, Ōsaki City)",Q135194324
Arawokahano Shrine,Q135039992
Arei Shrine,Q62056170
Ariga Shrine,Q135069598
Arino Shrine,Q135041075
Aritama Shrine,Q135192613
Aritano Shrine,Q135041229
Aruka Shrine,Q11516854
Asadatehiko Shrine,Q11517708
Asadono Shrine,Q135193511
Asahihatakano Shrine,Q135039604
Asahiyama Kesenma Shrine,Q135194373
"Asai Shrine (Fukuoka, Takaoka)",Q135194957
"Asai Shrine (Ishizutsumi, Takaoka)",Q135194958
Asai Shrine (Q135187107),Q135187107
Asai Shrine (Takaoka),Q134925834
Asaihinono Shrine,Q135040466
Asakano Shrine,Q135039326
Asaki Shrine,Q135069911
Asaki Shrine (Echizen Province),Q135069912
Asakonoisobeno Shrine,Q135040605
Asakura Shrine (Q11510876),Q11510876
Asakura Shrine (Q17191190),Q17191190
Asakurahiko-no-Mikoto Shrine,Q135041110
Asamano Shrine,Q135039708
Asamano Shrine (Q135040614),Q135040614
Asamano Shrine (Q135270287),Q135270287
Asamine Shrine,Q18989938
Asamiya Shrine,Q11517375
Asawino Shrine,Q135040356
Asawino Shrine (Q135039477),Q135039477
Asayama Shrine,Q11517384
Ashii Shrine,Q135040524
Ashiinaba Shrine,Q11621139
Ashikano Shrine,Q135039388
Ashikano Shrine (Q135040611),Q135040611
Ashikino Shrine,Q135039813
Ashimita Shrine,Q135186751
Ashimitano Shrine,Q135039398
Ashino Shrine,Q135039245
Ashino Shrine (Q135039579),Q135039579
Ashisakino Shrine,Q135039834
Ashitano Shrine,Q135040649
Ashitsugi Shrine,Q135070209
Ashitsugi Shrine (Bitchū Province),Q135070210
Ashitsugiyama Shrine,Q135070208
Ashitsukino Shrine,Q135039626
Ashitsumino Shrine,Q135039871
Aso-Hime Shrine,Q135041486
Asomurano- Shrine,Q135040120
"Asori Shrine (Nakami, Meiwa Town)",Q135186187
Asuhano Shrine,Q135040213
Asuka Kawakami-ni-Imasu Usutakihime-no-Mikoto Shrine (Q135270112),Q135270112
Asukada Shrine,Q11665977
Asukakawakamizausutakihimeinochi Shrine,Q135069118
Asukata Shrine,Q135068821
Asukata Shrine (Jōnan-gū subshrine),Q135180035
Asukata Shrine (Yamashiro Province),Q135068819
Asukino Shrine,Q135040959
Asurino Shrine,Q135041086
Asusuki Shrine,Q135195215
Asusukino Shrine,Q135040535
Asuzushi Shrine,Q135070016
Asō Shrine,Q17191369
Atachino Shrine,Q135039732
Atachino Shrine former site,Q135193315
Atago Shrine (Kasama City),Q135193465
Atago Shrine (Q135040118),Q135040118
Atago Shrine (Q135070110),Q135070110
Atagono Shrine,Q135040494
Atagono Shrine (Q135270267),Q135270267
Atakatsutakemikumano Shrine,Q135040748
Atamino Shrine,Q135041490
Atawokano Shrine,Q135040519
Ataya Shrine,Q135070357
Atayutano Shrine,Q135039912
Ato Shrine,Q17191533
Atsu Shrine,Q135070314
Atsuhitakahiko Shrine,Q11569065
Atsukushihikono Shrine,Q135040490
Atsumayakunino Shrine,Q135039997
Atsuta Shrine,Q482065
Atsuwa Shrine,Q28690200
Awa Shrine (Oyama),Q59282622
Awa-no-Mikoto Shrine,Q17218974
Awabitamashiratama-hime-no-Mikoto Shrine,Q134928802
Awai Shrine,Q11604560
Awano Shrine,Q135069817
Awano Shrine (Shinano Province),Q135069821
"Awano Shrine (Toyono, Nagano City)",Q135194232
"Awano Shrine (Ueno, Nagano City)",Q135194233
Awawa Shrine,Q11657490
Awayamanoueno Shrine,Q11657523
Awofusumano Shrine,Q135098964
Awomino Shrine,Q135040434
Awomino Shrine (Q135040456),Q135040456
Awoumino Shrine,Q135040072
Awowino Shrine,Q135039731
Awowino Shrine okumiya,Q135193311
Ayabusuma Shrine,Q135187137
Ayuta Shrine,Q135186611
Ayutano Shrine,Q135039339
Azai Shrine (Ichinomiya),Q11556984
Azaka Shrine,Q135186477
Azumaya-gū,Q135069467
Azumayanuma Shrine,Q11526673
Azura Shrine,Q11657682
Azusami Tenjinsha,Q11657681
Azusawakenomikoto Shrine,Q134926700
Bandai Shrine,Q135069885
Bingokunininomiya Chihayahiko Shrine,Q135197992
Bishu Shrine,Q135070080
Biyatsukan Shrine,Q135070297
Chichihayano Shrine,Q135039470
"Chigata Shrine (Tanaka, Kawamoto Village, Ōsato District)",Q135193363
Chihamura- Shrine,Q135040127
Chihayahiko Shrine,Q135197993
Chihayahikono Shrine,Q135041252
Chihayahimeno Shrine,Q135041253
Chiino Shrine,Q135041072
Chikushi Shrine,Q11602932
Chikuya Shrine,Q135040787
Chinamiyoruhiko Shrine,Q135070221
Chinamiyoruhiko Shrine (Bingo Province),Q135070222
Chinoka Shrine,Q135040051
Chinono Shrine,Q135039481
Chinono Shrine (Q135040516),Q135040516
Chiyo Shrine (Kasuga Keidai-sha),Q135069113
Chiyo Shrine (Moriichi Keidai-sha),Q135069115
Chota Great Camphor Tree,Q135186735
Co-Enshrinement at Gassan Shrine,Q135069866
Co-Enshrinement at Tamanooya Shrine,Q135185428
Co-Enshrinement in Seki Shrine,Q135186668
Co-Enshrinement in Tamanoya Shrine,Q135185436
Co-Enshrinement of Afukakotano Shrine,Q135186284
Co-Enshrinement of Afukamuyamano Shrine,Q135186194
Co-Enshrinement of Haseno Shrine,Q135186783
Co-Enshrinement of Hichino Shrine,Q135186320
Co-Enshrinement of Hichino Shrine Ronsha 6,Q135186324
Co-Enshrinement of Hirawoka Shrine,Q135194742
Co-Enshrinement of Hitsukurano Shrine,Q135186400
Co-Enshrinement of Hotsumino Shrine,Q135186776
Co-Enshrinement of Ikatsuchi Shrine,Q135194598
Co-Enshrinement of Imakiawosakainaminoikekamino Shrine,Q135193385
Co-Enshrinement of Imakiawosakanoinamiaramitamano Shrine,Q135193378
Co-Enshrinement of Kamishimano Shrine,Q135197944
Co-Enshrinement of Katakishino Shrine,Q135194736
Co-Enshrinement of Ketamikono Shrine,Q135194764
Co-Enshrinement of Kuninariohonono Shrine,Q135194703
Co-Enshrinement of Kuniwichino Shrine,Q135193336
Co-Enshrinement of Machino Shrine,Q135193750
Co-Enshrinement of Nakuno Shrine,Q135195293
Co-Enshrinement of Ohokino Shrine,Q135186734
Co-Enshrinement of Ohokino Shrine Ronsha 2,Q135186732
Co-Enshrinement of Ohowano Shrine (Ronsha 1),Q135186762
Co-Enshrinement of Ohoyamamitano Shrine,Q135194562
Co-Enshrinement of Ohoyamamitano Shrine Ronsha 5,Q135194566
Co-Enshrinement of Sakurano Shrine,Q135186780
Co-Enshrinement of Shikitamahayamitamano Shrine,Q135194345
Co-Enshrinement of Shishichino Shrine,Q135195742
Co-Enshrinement of Takino Shrine,Q135195174
Co-Enshrinement of Tsuchinowano Shrine,Q135194683
Co-Enshrinement of Tsuhakino Shrine,Q135193681
Co-Enshrinement of Utsurahashino Shrine,Q135195110
Co-Enshrinement of Utsurahashino Shrine Ronsha 2,Q135195111
Daijin Shrine,Q135069984
Daijingu-sha Shrine,Q135068809
Dainamabuheishushin Shrine,Q135070063
Dainamabuheishushin Shrine (Tajima Province),Q135070064
Dainichi-dō Shrine,Q135069355
Dainoki Shrine,Q135069379
Daisen Ōji Shrine,Q134930667
Daisuibetsu Shrine,Q135193776
Daitsukiiwakura Shrine,Q135040217
Daizen Shrine,Q135070010
Daizen Shrine (Q135195180),Q135195180
Dake Shrine,Q135194881
Date Shrine,Q11380845
Date Shrine (Q135195188),Q135195188
Date Shrine (Q135195189),Q135195189
Destroyed Shrine,Q135070118
Destroyed Shrine (Q135070078),Q135070078
Dewa Shrine,Q11395802
Dousashifutsu Shrine,Q135041503
Dōsha-ni-imasu Hiiwaya-hiko Shrine,Q135099008
E Shrine (Q135186675),Q135186675
Ebisuhari Shrine,Q135069604
Ebumi Shrine,Q11551131
Echino Shrine,Q135040586
Eda Shrine (Q135186746),Q135186746
Ehara Nishinomiya Shrine,Q135198067
Ena Shrine (Q11492453),Q11492453
Ena Shrine (Q135194002),Q135194002
Enano Shrine,Q135039909
Enkan Shrine,Q135070038
Eno Shrine,Q135040432
Eno Shrine (Co-Enshrinement),Q135186687
Eno Shrine (Q135039367),Q135039367
Eno Shrine (Q135195049),Q135195049
Enoki Shrine,Q134893091
Erehiko Shrine,Q11649828
Erehiko Shrine okumiya,Q135193727
Etano Shrine,Q135040245
Etano Shrine (Q135039394),Q135039394
Etano Shrine (Q135039947),Q135039947
Etomo Shrine,Q135070122
Etomo Shrine (Izumo Province),Q135070123
Fuchiharahikono Shrine,Q135040314
Fuchimori Inari Shrine,Q135187125
Fuchino Shrine,Q135039483
Fuchishimano Shrine,Q135039458
Fuchitsuhikono Shrine,Q135040310
Fuchiuchino Shrine,Q135039766
Fuchiuchino Shrine (Q135270297),Q135270297
Fuchū Hachiman Shrine,Q135195039
Fudaten Shrine,Q11480773
Fuheno Shrine,Q135040903
Fuji Sengen Shrine (Togo Town),Q11456095
Fuji Sengen-gū Shrine,Q135069408
Fuji Sengengu,Q135192668
Fujimori Shinmei-sha,Q135069369
Fujina Ōanamochi Shrine,Q135040775
Fujino Shrine,Q135039633
Fujisaki Shrine,Q135069986
Fujisaki Shrine (Q135195033),Q135195033
Fujito Shrine,Q135195144
Fujiuchi Shrine,Q66764741
Fukaeno Shrine,Q135039449
Fukafu Shrine,Q135040562
Fukafuchino Shrine,Q135041451
Fukagawa Shrine,Q11560019
Fukami Shrine,Q11560278
Fukasaka Shrine,Q135040686
Fukataheno Shrine,Q135040591
Fukatano Shrine,Q135039391
Fukeno Shrine,Q135039368
Fukeshihikono Shrine,Q135040328
Fukomino Shrine,Q135040767
Fukomino Shrine (Q135270426),Q135270426
Fukuchi Shrine,Q11457275
Fukuhino Shrine,Q135040679
Fukurono Shrine,Q135040223
Fukutano Shrine,Q135040548
Fukutomi Shrine,Q135070091
Fukuōji Shrine,Q11594015
Fumunashino Shrine,Q135039668
Funae Taijingū,Q135195136
Funaeno Shrine,Q135040467
Funagatayama Shrine,Q135069865
Funagatayama Shrine (Q135194321),Q135194321
Funai Shrine,Q11613979
Funajihachimanguu,Q135070231
Funayamano Shrine,Q135039343
Furukohorino Shrine,Q135041219
Furukohorino Shrine Co-EnShrinement,Q135197931
Furukoori Shrine,Q135070195
Furutachino Shrine,Q135040743
Fusawokino Shrine,Q135039663
Fusawokino Shrine (Q135270417),Q135270417
Fuse Shrine (Q135041199),Q135041199
Fuse Shrine (Q135070316),Q135070316
Fuse Shrine (Q135195020),Q135195020
Fuse Shrine (Q85880047),Q85880047
"Fuse Shrine (Shinonoi Fusegomei, Nagano City)",Q135194137
"Fuse Shrine (Shinonoi Ishikawa, Nagano City)",Q135194136
"Fuse Shrine (Shinonoi Yamafuse, Nagano City)",Q135194138
Fuseno Shrine,Q135040368
Fuseno Shrine (Q135039917),Q135039917
Fuseno Shrine (Q135040396),Q135040396
Fuseno Shrine (Q135041037),Q135041037
Fuseno Shrine (Q135041383),Q135041383
Fuseno- Shrine,Q135039853
Fushifuno Shrine,Q135040776
Fushikimino Shrine,Q135040918
Fushino Shrine,Q135039425
Fusuno Shrine,Q135041100
Fusuno Shrine (Q135270331),Q135270331
Futaarayama Shrine okumiya,Q135194293
Futagami-yama Shrine (Tottori Prefecture),Q21654507
Futakata Shrine,Q135040704
Futakata Shrine (Q135270328),Q135270328
Futamata Shrine,Q63147989
Futamata Shrine (Q135070233),Q135070233
Futamatano Shrine,Q135040012
Futamatano Shrine (Q135041265),Q135041265
Futamurano Shrine,Q135040511
Futonotonomikotono Shrine,Q135021845
Futsuno Shrine (Q135041412),Q135041412
Gama Shinmei‑gū,Q135192614
Gashibahime Shrine,Q135070315
Ginzan Shrine,Q135199795
Ginzan Shrine (Q135200437),Q135200437
Ginzan Shrine (Tsutsuchi Yohaijo),Q135200362
Ginzanjo Shrine,Q135199776
Ginzanjo Shrine (Q135200444),Q135200444
Gokiso Hachiman Shrine,Q135069396
Gokiso Hachimangū,Q3109957
Gokoku Shrines,Q1534477
Gongen Shrine (Ujizakura Shrine precincts),Q135186232
Gosen Hachiman Shrine,Q135195117
Gosha Shrine,Q135070056
Gosha Shrine (Q135069653),Q135069653
Gosha Shrine (Q135193646),Q135193646
Gosha Shrine (Q135193751),Q135193751
Gosha Shrine (Q135195346),Q135195346
Gosho Shrine,Q119929720
"Gunge Shrine (Suzumi, Kanazawa)",Q135194820
"Gunge Shrine (Yoshihara, Kanazawa)",Q135194817
Habuhime Shrine (Shimoda),Q134930633
Habuhime-no-Mikoto Shrine,Q134930157
Hachidai Ryūō Shrine,Q135070286
Hachikurahime Shrine,Q135070302
Hachiman Hommi Shrine,Q135069496
Hachiman Shrine,Q135070263
"Hachiman Shrine (Kisami, Shimoda)",Q135192903
Hachiman Shrine (Koura),Q135192839
"Hachiman Shrine (Koura, Minamiizu)",Q134930206
Hachiman Shrine (Makino Town Sekitei),Q135193761
Hachiman Shrine (Mikajiri),Q135193362
Hachiman Shrine (Otoi),Q134927674
Hachiman Shrine (Q134927474),Q134927474
Hachiman Shrine (Q135070175),Q135070175
Hachiman Shrine (Q135070216),Q135070216
Hachiman Shrine (Q135070273),Q135070273
Hachiman Shrine (Q135070301),Q135070301
Hachiman Shrine (Q135070351),Q135070351
Hachiman Shrine (Q135070358),Q135070358
Hachiman Shrine (Q135187123),Q135187123
Hachiman Shrine (Q135190015),Q135190015
Hachiman Shrine (Q135193644),Q135193644
Hachiman Shrine (Q135193932),Q135193932
Hachiman Shrine (Q135193975),Q135193975
Hachiman Shrine (Q135194564),Q135194564
Hachiman Shrine (Q135194682),Q135194682
Hachiman Shrine (Q135194692),Q135194692
Hachiman Shrine (Q135194695),Q135194695
Hachiman Shrine (Q135194698),Q135194698
Hachiman Shrine (Q135194720),Q135194720
Hachiman Shrine (Q135195320),Q135195320
Hachiman Shrine (Q135198094),Q135198094
Hachiman Shrine (Suihokuchō),Q135187195
Hachiman Shrine (Uso Yokoyama),Q135193762
Hachimangū,Q135195096
Hachimangū (Q135194947),Q135194947
Hachimangū (Q135197730),Q135197730
Hachimangū Kinomiya Shrine,Q11390944
Hachiman‑gu Kinomiya Shrine,Q135192835
Hachiman‑sha,Q135069361
Hachiman‑sha (Q135070047),Q135070047
Hachino Shrine,Q135041056
Hachisakino Shrine,Q135039592
Hachisu Shrine,Q135070282
Hachiōji Shrine,Q135192801
Hachiōji Shrine (Morisho Village),Q135186249
Hachiōji Shrine (Q135069438),Q135069438
Hafuhimeno- Shrine,Q135039636
Hafurino Shrine,Q135039943
Hafuritano Shrine (Q135041152),Q135041152
Haguro Shrine (Q135194375),Q135194375
Haguromita Shrine,Q135069521
Hahaki Shrine,Q11555561
Haheshinano Shrine,Q135039918
Hahiho Shrine,Q135039571
Haishiwano Shrine,Q135040049
Haji Shrine,Q135186741
Hajikama Shrine,Q134930376
Hajikami Shrine,Q11555598
Hajikami Shrine (Q11275441),Q11275441
Hajio Shrine (Otagi district),Q135068695
Hakanishi Shrine,Q135069027
Hakiharano- Shrine,Q135039612
Hakkengū,Q55533377
Hakono Shrine,Q135040063
Hakotake Hachiman Shrine,Q135195149
Hakozaki Hachiman Shrine,Q111442063
Hakozaki Hachiman Shrine (Q135198619),Q135198619
Hakui Shrine,Q11610064
Hakunu Shrine,Q11555428
Hakusan Shrine (Q11579589),Q11579589
Hakusan Shrine (Q11579597),Q11579597
Hakusan Shrine (Q135069345),Q135069345
Hakusan Shrine (Q135069360),Q135069360
Hakusan Shrine (Q135069381),Q135069381
Hakusan Shrine (Q135069899),Q135069899
Hakusan Shrine (Q135187226),Q135187226
Hakusan Shrine (Q135190114),Q135190114
Hakusan Shrine (Q135193785),Q135193785
Hakusan Shrine (Q135194515),Q135194515
Hakusan Shrine (Q135194529),Q135194529
Hakusan Shrine (Q135194548),Q135194548
Hakusan Shrine (Q135194933),Q135194933
Hakusan Shrine (Q135195028),Q135195028
Hakusan Shrine (Q135195142),Q135195142
Hakusan Shrine (Q63148121),Q63148121
Hakusan-dō Shrine,Q135195113
Hamadono Shrine,Q135199653
Hamamatsu Hachimangu,Q119929629
Hamana Sōsha-shinmeigū,Q119929616
Hamino Shrine,Q135040576
Hamino Shrine (Q135039845),Q135039845
Hananagakami Shrine,Q11615716
Hananagashimo Shrine,Q11615718
Hananakano Shrine,Q135039899
Hananakano Shrine (Q135270215),Q135270215
Hanaoka Shrine,Q135070054
Hanaoka Shrine (Q135195345),Q135195345
Hanashiyama Shrine,Q66085126
Hanifu Shrine,Q11555577
Haniyamahime Shrine,Q107410059
Haniyamano- Shrine,Q135041316
Hanoura Shrine,Q48758315
Harahano Shrine,Q135041543
Harikumano Shrine,Q135039466
Harina Shrine,Q11648156
Harinano Shrine,Q135039554
Harinano Shrine (Q135270315),Q135270315
Haritsuna Shrine,Q11648178
Harukino Shrine,Q135040717
Harunamiya Shrine,Q135069555
Harunamiya Shrine (Q135069558),Q135069558
Harunamiya Shrine (Q135069565),Q135069565
Haruta Shrine (Lower Shrine),Q135194205
Haruta Shrine (Upper Shrine),Q135194208
Hasedera (Nagano),Q11653682
Haseno Shrine,Q135039431
Haseno Shrine (Q135039453),Q135039453
Hashino Shrine,Q135039392
Hashiriochi Shrine,Q11636084
Hashiritano Shrine,Q135040496
Hashiritano Shrine (Q135038740),Q135038740
Hasokino Shrine,Q135039465
Hassho Shrine,Q135195138
Hassho Shrine (Q135187186),Q135187186
Hata Shrine,Q135186442
Hatada Shrine,Q135039294
Hatada Shrine co-EnShrinement,Q135186214
Hatada Shrine Co-enshrinement (Ihatano),Q135186317
Hataketano Shrine former site,Q135186308
Hataketano Shrine former site (Q135186309),Q135186309
Hatakino Shrine,Q135039231
Hatano Shrine (Q135039185),Q135039185
Hatano Shrine (Q135039193),Q135039193
Hatano Shrine (Q135039322),Q135039322
Hatano Shrine (Q135039925),Q135039925
Hataori Shrine,Q135186638
Hataori Shrine (Q135186639),Q135186639
Hatasakano Shrine,Q135040274
Hatawino Shrine,Q135040752
Hate Shrine,Q135186493
Hate Shrine (Q135186506),Q135186506
Hateno Shrine,Q135039327
Hatori Shrine,Q135040731
Hatorida Shrine,Q135069411
Hatorino Shrine (Q135039355),Q135039355
Hatorino Shrine (Q135039603),Q135039603
Hatorino Shrine (Q135040266),Q135040266
Hatorinoitomano Shrine,Q135098916
Hatorinomatokata Shrine,Q135098921
Hatorinomatokata Shrine former site,Q135186227
Hatoritano Shrine,Q135039624
Hatsuhime Shrine,Q134926458
Hatsuno Shrine,Q135039562
Hayabusa Shrine (Q135021848),Q135021848
Hayahoshino Shrine,Q135040381
Hayakahano Shrine,Q135040370
Hayakahano Shrine (Q135040751),Q135040751
Hayakawa Hachiman Shrine,Q135194971
Hayakawa Shrine (Himi City),Q135194969
Hayakawa Shrine (Takaoka City),Q135194970
Hayakawahachiman Shrine,Q135069975
Hayasame Shrine,Q48758380
Hayashi Shrine (Q135069969),Q135069969
"Hayashi Shrine (Tonami, Hayashi)",Q135194942
"Hayashi Shrine (Tonami, Ransei)",Q135194943
Hayashino Shrine,Q135040352
Hayashino Shrine (Q135039280),Q135039280
Hayashino Shrine former site,Q135186207
Hayashino- Shrine,Q135039642
Hayashino- Shrine former site,Q135192774
Hayasuihime Shrine,Q11511196
Hayatamano Shrine,Q135040766
Hayatamawakenomikoto Shrine,Q134893135
Hayatsumushino Shrine,Q135040922
Hayatsumushiwakeno Shrine,Q135040900
Hazu Shrine,Q60988165
Heda Shrine,Q92443788
Heitano Shrine,Q135040239
Hekireki Shrine,Q135070147
Hekireki Shrine (Q135198763),Q135198763
Henakino Shrine,Q135040505
Hetsuhimeno Shrine,Q135040336
Hibara Shrine,Q135103456
Hibayamakume Shrine okumiya,Q135070111
Hibita Shrine,Q11547364
Hibita Shrine (Q11547458),Q11547458
Hichino Shrine,Q135039250
Hichino Shrine (Q135039296),Q135039296
Hichino Shrine (Q135040646),Q135040646
Hichino shrine Co-Enshrinement,Q135186326
Hida Shrine,Q11500718
Hie and Ōmizubetsu Shrines,Q135069684
Hie Shrine (Q135039877),Q135039877
Hie Shrine (Q135193786),Q135193786
Hie Shrine / Ōmizubetsu Shrine,Q135193780
Hie-sha and Kifune-sha,Q135187101
Hieda Shrine,Q135193277
Hieta Shrine,Q11596288
Hietano Shrine,Q135039725
Hietanono Shrine,Q135040501
Hifuchino Shrine,Q135041073
Higanotome Shrine,Q85881759
Higashi Hachiōji Shrine,Q135190265
Higashi Misono Hachiman Shrine,Q135190282
Higashikamo Shrine,Q135198154
Higashikirishima Shrine,Q135070353
Higashiotani Himemikoto Shrine,Q135069122
Higashiotanihimemikoto Shrine,Q135069120
Hihameno- Shrine,Q135041341
Hihameno- Shrine (Q135270442),Q135270442
Hiharano Shrine,Q135040558
Hihayo Tenjin Shrine,Q131925942
Hihikino Shrine,Q135039251
Hihitano Shrine,Q135039721
Hihitano Shrine (Q135270290),Q135270290
Hii Shrine,Q11500716
"Hiji Shrine (Iwanai Village, Taki District)",Q135186319
Hijiri Shrine (Q11611103),Q11611103
Hikawa Nyotai Shrine,Q11549599
Hikawa Shrine (Q135069537),Q135069537
Hikawa Shrine (Q135194738),Q135194738
Hikawa Shrine (Q135194744),Q135194744
Hikawami Shrine,Q11488772
Hikimiya Shrine,Q135070325
Hikitachikarano- Shrine,Q135039675
Hikitachikarano- Shrine (Q135270421),Q135270421
Hikitaheno Shrine,Q135040483
Hikitari Shrine,Q135069658
Hikitarino Shrine,Q135039828
Hikite Chikara no Mikoto Shrine,Q11487151
Hikiterikio Shrine,Q135069466
Hikona Shrine (Shinmei Shrine Keidai-sha),Q135194737
Hikonano Shrine,Q135040237
Hikone Shrine,Q135193628
Hikosasukino Shrine,Q135041245
Hikosawakeno Shrine,Q135040979
Hikowakamikono Shrine,Q135039558
Hikowakamikono Shrine (Q135270317),Q135270317
Himatsurino Shrine,Q135040017
Hime Shrine (Nanto City),Q43594869
Himechino Shrine,Q135041002
Himefuno Shrine,Q135039475
Himefuno Shrine (Q135040594),Q135040594
Himefuno Shrine (Q135040601),Q135040601
Himefuno Shrine (Q135040651),Q135040651
Himekami Shrine,Q135041477
Himekosono Shrine (Q135270123),Q135270123
Himemiya Shrine,Q134926963
Himemiya Shrine Co-Enshrinement,Q135288649
Himenuno Shrine,Q135040739
Himesaka Kanachiana Shrine,Q107297935
Himesaka Shrine,Q135070336
Himesakano Shrine,Q135041422
Himetano Shrine,Q135039836
Himetsukino Shrine,Q135040773
Himukai Shrine,Q135405803
Hinaga Shrine,Q135190198
Hinaga Shrine (Q135190199),Q135190199
Hinakano Shrine,Q135039574
Hinama-ji Hime-no-Mikoto Shrine,Q133940165
Hinamori Shrine,Q11547446
Hinamori Shrine (Q135193937),Q135193937
Hinamorino Shrine,Q135039903
Hinano Shrine,Q135041084
Hinatano Shrine,Q111269921
Hinateno Shrine,Q135039819
Hino Shrine,Q135069906
Hino Shrine (Q135194531),Q135194531
Hinode Shrine,Q135070061
"Hinode Shrine (Hatayama, Tantō Town)",Q135195362
"Hinode Shrine (Minamio, Tantō Town)",Q135195363
Hinode Shrine (Tajima Province),Q135070062
Hinomisaki Shrine (branch shrine outside the precincts of Hongū Shrine),Q135195732
Hinomisaki Shrine (branch shrine outside the precincts of Hongū Shrine) (Q135195747),Q135195747
Hinono Shrine,Q135040724
Hioikehime Shrine,Q135195235
Hioka Shrine,Q11505275
Hioki Shrine,Q135069771
Hioki Shrine (Etchū Province),Q135069979
Hioki Shrine (Higashichikuma District),Q135194168
Hioki Shrine (Nagano City),Q135194175
Hioki Shrine (Nagoya),Q11510248
Hioki Shrine (Niikawa district),Q135069980
Hioki Shrine (Q11510250),Q11510250
Hioki Shrine (Sarashina district),Q135069775
Hioki Shrine (Shinano Province),Q135069774
Hiokino Shrine,Q135040394
Hiokino Shrine (Q135039920),Q135039920
Hiokino Shrine (Q135040077),Q135040077
Hiokino Shrine (Q135040268),Q135040268
Hiokino Shrine (Q135040655),Q135040655
Hiokino Shrine (Q135195018),Q135195018
Hiokino Shrine (Q135195019),Q135195019
Hiranai Shrine,Q135070074
Hirano Shrine (Q135193654),Q135193654
Hirano Shrine (Q135195333),Q135195333
Hirawiteno Shrine,Q135040151
Hirawoka Shrine,Q135040242
Hirawoka Shrine former site,Q135194746
Hiritano Shrine,Q135039800
Hirohata Hachimangū,Q135197922
Hirohata Shrine,Q135186748
Hirosahano Shrine,Q135039570
Hirose Shrine,Q134925373
Hirose Shrine (Izunokuni),Q111776816
Hirose Shrine (Q11485625),Q11485625
Hiroseno Shrine,Q135039671
Hiroseno Shrine (Q135270419),Q135270419
Hirota Shrine,Q135194909
Hiruko Shrine (Q106852693),Q106852693
Hiruko Shrine (Q135195317),Q135195317
Hisai Shrine,Q135069529
Hisakino- Shrine,Q135098962
Hisamamechi Shrine,Q135069216
Hisamamechi Shrine (Ise Province),Q135069219
Hisarida Shrine,Q135070025
Hisashiinatakihime Shrine,Q135069955
Hisatsuchino Shrine,Q135039341
Hisatsuchino Shrine (Q135039352),Q135039352
Hisazuchi Shrine,Q135186614
Hisazuchi Sugawara Shrine,Q135186613
Hishikino Shrine,Q135039252
Hishirono Shrine,Q135041045
Hisono Shrine,Q135039575
Hitakamino Shrine,Q135040011
Hitano Shrine,Q135040933
Hitano Shrine (Q135039516),Q135039516
Hiteno Shrine,Q135040638
Hitsuji Shrine (Nagoya),Q22120105
HItsujisaki Shrine,Q11660144
Hitsujisaki Shrine,Q11660145
Hitsukurano Shrine,Q135039307
Hitsusa Shrine,Q11547502
Hitsushino Shrine,Q135039529
Hitsushino Shrine (Q135270149),Q135270149
Hitsushisakino Shrine,Q135040001
Hiyakurakuno Shrine,Q135041120
Hiyakurakuno Shrine (Q135270437),Q135270437
Hiyausuno Shrine,Q135040607
Hiyoshi Shrine,Q135195095
Hiyoshi Shrine (Q135040087),Q135040087
Hiyoshi Shrine (Q135069253),Q135069253
Hiyoshi Shrine (Q135069666),Q135069666
Hiyoshi Shrine (Q135193659),Q135193659
Hiyoshi Shrine (Q135193733),Q135193733
Hiyoshi Shrine (Q135193779),Q135193779
Hiyoshi Shrine (Q135194819),Q135194819
Hiyoshi Shrine (Q135194886),Q135194886
Hiyoshi Taisha,Q656451
Hokensuwajuugotokoro Shrine,Q135069497
Hokki Shrine,Q11555072
Hokotsuki Shrine,Q59282636
Hokotsukino Shrine,Q135039710
Hokotsukino Shrine (Q135270289),Q135270289
Homi Shrine,Q11597095
"Homi Shrine (Asahimachi, Nirasaki)",Q11597096
Homino Shrine,Q135039702
Homino Shrine (Q135270285),Q135270285
Homusuhino- Shrine,Q135039674
Honamano Shrine,Q135040624
Honoikatsuchino Shrine (Q135021838),Q135021838
Honoikatsuchino Shrine (Q135038966),Q135038966
Honokano Shrine,Q135041081
Horisakano Shrine Co-Enshrinement,Q135039320
"Horiyaku Rokusho Shrine (Yoritomiya, sessha)",Q135190254
Horowasan Haushiwake Shrine,Q11385699
Hoshi Shrine,Q11512981
Hoshikahano Shrine,Q135039441
Hoshinomiya-sha Shrine,Q11512854
Hosoe Shrine,Q135069403
Hosoe Shrine (Q135190243),Q135190243
Hosorokino Shrine,Q135040248
Hosorokino Shrine (Q135270265),Q135270265
Hotaka Shrine,Q11597109
Hotsu Village Enshrinement Theory,Q135186321
Hotsuda Village Enshrinement Theory,Q135186322
Hotsumino Shrine,Q135039426
Hotsumino Shrine former site,Q135186775
Hotsusakeno- Shrine,Q135039661
Hotsusakeno- Shrine (Q135270276),Q135270276
Hoyamano Shrine,Q135040156
Hozumi Shrine (Q135186767),Q135186767
Hozumi Shrine (Q135186774),Q135186774
Hyojo Shrine,Q135194439
Hyōsu Shrine,Q28684010
Hyōzu Shrine,Q135041491
Hyōzu Shrine (Q135039565),Q135039565
Hyōzu Shrine (Q135039843),Q135039843
Hyōzu Shrine (Q135040618),Q135040618
Hyōzu Shrine (Q135040685),Q135040685
Hyōzu Shrine (Q135040688),Q135040688
Hyōzu Shrine (Q135070046),Q135070046
Hyōzu Shrine (Q135070359),Q135070359
Hyōzu Shrine (Q135195319),Q135195319
Hyōzu Shrine (Q135195508),Q135195508
Hyōzu Shrine (Q135215048),Q135215048
Hyōzu Shrine (Q135270268),Q135270268
Ibe Iwakura Shrine,Q28691797
Ibuki Shrine,Q11379321
Ibuki Shrine (Q135070042),Q135070042
Ibuki Shrine (Q135195307),Q135195307
Ibuki Shrine (Q135195308),Q135195308
Ichi Shrine,Q135193754
Ichiahano Shrine,Q135041183
Ichifurino Shrine,Q135040117
Ichifuseno Shrine,Q135040550
Ichihara Kitadai-hiko Shrine,Q135194911
Ichihara Kitadai-hiko Shrine (Q135194922),Q135194922
Ichihara Shrine,Q123115222
Ichihara Shrine (Q135193753),Q135193753
Ichiharano Shrine,Q135040912
Ichiharano Shrine (Q135039878),Q135039878
Ichihisakino Shrine,Q135039847
Ichikahano Shrine,Q135040469
Ichino Shrine,Q135040664
Ichinomiya Asama Shrine (Fuefuki),Q11557476
Ichinomiya Sengen Shrine,Q11352589
Ichinomiya Shrine (Tokushima),Q11352598
Ida Shrine,Q135039254
Idate Shrine,Q11380848
Ide Shrine,Q135039423
Ide Shrine (Q135187179),Q135187179
Ide Shrine (Q135190089),Q135190089
Ieshima Shrine,Q135070176
Ifukino Shrine,Q135040983
Ifukino Shrine (Q135039792),Q135039792
Ifukino Shrine (Q135039820),Q135039820
Ifukino Shrine (Q135040596),Q135040596
Ifukube Shrine,Q135070065
Ifukube Shrine (Q135195378),Q135195378
Ifuno Shrine,Q135039555
Ifuribe Shrine,Q11379320
Igarashi Shrine,Q135195121
Igasa Shrine,Q48758379
Igatomega Shrine,Q135069245
Ihabie Shrine (Takatsuki Town),Q135193670
Ihafuneno Shrine,Q135039767
Ihahashino Shrine,Q135040042
Ihahino Shrine,Q135039737
Ihaino Shrine,Q135038751
Ihakami- Shrine,Q135039987
Ihakura- Shrine,Q135040331
Ihakura- Shrine (Q135040060),Q135040060
Ihakurahimeno Shrine,Q135040061
Ihakurano Shrine,Q135040214
Ihakurano Shrine (Q11586510),Q11586510
Ihakurawakeno- Shrine,Q135039655
Ihano Shrine,Q135098954
Ihano Shrine (Co-Enshrinement),Q135186692
Ihano Shrine (Q135040032),Q135040032
Ihano Shrine (Q135041022),Q135041022
Ihanohimeno- Shrine,Q135039653
Ihare- Shrine,Q135039641
Ihare- Shrine (Q135270275),Q135270275
Iharino Shrine,Q135039769
Iharino Shrine (Q135270294),Q135270294
Ihasakano Shrine,Q135040768
Ihasakino Shrine,Q135039312
Ihasehikono Shrine,Q135040329
Ihatakino Shrine,Q135039858
Ihatano Shrine,Q135040138
Ihatano Shrine (Q135038797),Q135038797
Ihatano Shrine (Q135038975),Q135038975
Ihatano Shrine (Q135039132),Q135039132
Ihatano Shrine (Q135039295),Q135039295
Ihatano Shrine (Q135040251),Q135040251
Ihatano Shrine (Q135270104),Q135270104
Ihatano Shrine former site,Q135186316
Ihatatamino Shrine,Q135041222
Ihatatewono Shrine,Q135039724
Ihatewakeno- Shrine,Q135039660
Ihatewakeno- Shrine (Q135270278),Q135270278
Ihatewino Shrine,Q135040036
Ihatokono Shrine,Q135039670
Ihatono Shrine,Q135039471
Ihatowakeno Shrine,Q135041204
Ihatsuchi Shrine,Q135041453
Ihatsumino Shrine,Q135039353
Ihatsutano- Shrine (Q135270122),Q135270122
Ihawino Shrine,Q135040453
Ihayano Shrine,Q135041285
Iheshimano Shrine,Q135041155
Ihetsuno Shrine,Q135040255
Ihimichi Shrine,Q135193504
Ihimichino Shrine,Q135039797
Ihimochino Shrine,Q135040486
Ihinono Shrine,Q135039382
Ihinoyama Shrine (Miyashita‑kita),Q135194378
Ihinoyama Shrine (Sotoyoshino Tobara),Q135194379
Ihinoyamano Shrine,Q135040010
Ihishi Shrine,Q135041092
Ihita Shrine,Q135186421
Ihitoyo- Shrine,Q135040046
Ihitoyohimeno Shrine,Q135039982
Ihitoyono Shrine,Q135039989
Ihitsusawano Shrine,Q135039625
Ihono Shrine,Q135039568
Ii Shrine (Q11666643),Q11666643
Iibo Nimasu Amaterasu Shrine,Q11604472
Iida Inari Shrine,Q135192615
Iida Inari Shrine (Q135192619),Q135192619
Iide Waki Shrine,Q135194443
Iidewaki Shrine,Q135069886
Iino Shrine,Q135186711
Iino Shrine (Q135186724),Q135186724
Iizuna Shrine,Q135069605
Iizuna Shrine (Q17238950),Q17238950
Ijinno Shrine,Q135041055
Ika Shrine,Q135070293
Ikachi Hachimanguu,Q135069391
Ikagashi Shrine,Q11378911
Ikagosakano Shrine,Q135039851
Ikagu Shrine,Q11381016
"Ikagusaka Shrine (Furuhashi, Kinomoto Town)",Q135193684
"Ikagusaka Shrine (Kitafusetoyama, Kinomoto Town)",Q135193686
Ikagusaka Shrine (Takatsuki Town),Q135193685
Ikaho Shrine,Q17220841
Ikahono Shrine,Q135039963
Ikahono Shrine (Q135270416),Q135270416
Ikakaharano Shrine,Q135039499
Ikama Shrine,Q111374476
Ikamashi Shrine,Q134926830
Ikamu Shrine,Q135040727
Ikamuhimeno- Shrine,Q135039637
Ikarashi Shrine,Q57931939
Ikarashino Shrine,Q135040461
Ikaruga Shrine,Q135069248
Ikarukano Shrine,Q135039400
Ikatakeno Shrine,Q135041094
Ikatsuchino- Shrine,Q135041547
Ikatsuchi‑no‑Mikoto Shrine,Q135199854
Ikawadani Sōja,Q11379343
Ikazuchi Shrine,Q135040155
Ikazuchi Shrine (Q135069913),Q135069913
Ikazuchi Shrine (Q135186163),Q135186163
Ikazuchi Shrine (Q135194588),Q135194588
Ikazuchi Shrine (Q135199864),Q135199864
Ikeda Shrine,Q11379329
Ikeda Shrine (Q134926975),Q134926975
Ikeno Shrine,Q135039924
Iketano Shrine (Q135270127),Q135270127
Iki Shrine,Q135069917
Iki Shrine (Q135069792),Q135069792
Iki Shrine (Q135069795),Q135069795
Iki Shrine (Q135194750),Q135194750
Ikino Shrine,Q135040247
Ikisa Shrine,Q135195552
Ikisa Shrine (Q135070073),Q135070073
Ikishiro Shrine,Q11409089
Iko-no-hayamitama Hime-no Shrine,Q67200466
"Ikohaya Waki no Mikoto Shrine (Ōmiya-machi, Ishinomaki City)",Q135194350
Ikohaya Wakimikoto Shrine,Q135194354
Ikohayawake-no-Mikoto Shrine,Q11379181
Ikota Shrine,Q11379327
Ikuhano Shrine,Q135039461
Ikuhime Shrine,Q11378800
Ikuhimeno Shrine,Q135041277
Ikuikatsuchi- Shrine,Q135098971
Ikumano Shrine,Q135040930
Ikunono Shrine,Q135040529
Ikureno Shrine,Q135040458
Ikushima no Mikannaki-no-matsuru-kami Shrine,Q135019813
Ikuta Myojin Shrine,Q135187150
Ikuta Shrine (Q135187148),Q135187148
Ikuta Shrine (Q135187152),Q135187152
Ikutano Shrine,Q135039503
Ikutono Shrine,Q135040616
Ikuwauheno Shrine,Q135040589
Ima Shrine,Q135069193
Imajouaosakainejitsukoumitama Shrine,Q135069559
Imaki-Aosaka-Inami-Ikegami Shrine,Q72727923
Imaki-Aosaka-Inami-Ikegami Shrine (Q72728268),Q72728268
Imakiawosakainaminoikekamino Shrine,Q135039748
Imakiawosakanoinamiaramitamano Shrine,Q135039747
Imakiawoyasakainamino Shrine,Q135039746
Imamiya Shrine (Q135193734),Q135193734
Imashiro Aozaka Inami Ikegami Shrine (Kamikawa Town),Q135193384
"Imashiro Aozaka Inami Ikegami Shrine (Ninbo, Kamisato Town)",Q135193383
Ime Shrine & Hachimangu,Q11379707
Imoino Shrine,Q135040083
Imuheno Shrine,Q135041321
Imuheno Shrine (Q135270440),Q135270440
Imunamino Shrine,Q135040267
Inaba Shrine,Q135186443
Inaba Shrine (Q701414),Q701414
Inabe Shrine,Q20043146
Inabu Shrine,Q135069249
Inada Shrine,Q11596799
Inafuno Shrine,Q135039344
Inagi Shrine,Q11596632
Inahano Shrine,Q135039324
Inakami Shrine,Q134893134
Inakami Shrine (Q135193011),Q135193011
Inakino Shrine,Q135039497
Inakino Shrine (Q135270141),Q135270141
Inakuhino Shrine,Q135041534
Inamiyano- Shrine,Q135039679
Inamura Shrine,Q17193413
Inamurano Shrine,Q135039762
Inane Shrine,Q110915761
Inanohimeno Shrine,Q135039742
Inano‑Hime Shrine,Q135193351
Inari Shrine,Q135069560
Inari Shrine (Q135039601),Q135039601
Inari Shrine (Q135070164),Q135070164
Inari Shrine (Q135192593),Q135192593
Inari Shrine (Q135193791),Q135193791
Inari Shrine? (Motoabo),Q135193380
Inasaki Shrine,Q22117916
Inasano Shrine,Q135040971
Inasehagino Shrine,Q135040956
Inashimo Shrine,Q135193008
Inashimono Shrine,Q135288774
Inashirono Shrine (Q135040578),Q135040578
Inazume Shrine,Q11596731
Inbe Shrine,Q11490723
Inbe Shrine (Matsue City),Q11490726
Inbe Shrine (Q11490722),Q11490722
Ineno Shrine,Q135040517
Inenohime Shrine,Q135069546
Ini Shrine,Q135195202
Inochihimeno Shrine,Q135040952
Inoda Shrine,Q135069159
Inoda Shrine (Iga Province),Q135069160
Inohanako Shrine,Q134928475
Inohatano Shrine,Q135040119
Inoue Hachiman Shrine,Q135070311
Inoue-sha,Q135178793
Inu Shrine,Q11379315
Inuno Shrine,Q135040975
Inunoki Shrine,Q135070043
Ionoi Shrine,Q22117831
Irokino Shrine,Q135040702
Ironouheno Shrine,Q135039309
Irumino Shrine,Q135039559
Irumino Shrine (Q135039607),Q135039607
Irō Shrine,Q11585503
Isagoda Shrine,Q11553081
Isahakahano Shrine,Q135040037
Isahano Shrine,Q135040992
Isakano Shrine,Q135040968
Isakano Shrine (Q135041052),Q135041052
Isakino Shrine,Q135040696
Isakino Shrine (Q135270270),Q135270270
Isanahikono Shrine,Q135098992
Isanakino Shrine (Q135039261),Q135039261
Isanakino Shrine (Q135040073),Q135040073
Isanamino Shrine,Q135041308
Isarihayawakeno- Shrine,Q135040003
Isawano Shrine,Q135039301
Ise Amaterasu Mioya Shrine,Q135070347
Ise Mioya Shrine,Q135070346
Ise Shrine,Q135041208
Ise-no-Miya (nonexistent),Q135194417
Iseamaterasumioyano Shrine,Q135041474
Isekurumano Shrine,Q135041284
Isemikoto Shrine,Q11378969
Isetaniwa Shrine,Q135186415
Ishi Shrine,Q38276022
Ishida Shrine,Q135194754
Ishida Shrine (Kuse district),Q135068853
Ishida Shrine (Q135068851),Q135068851
Ishida Shrine (Yamashiro Province),Q135068852
Ishidate Shrine,Q135186637
Ishifu Shrine,Q134893136
Ishigami Shrine,Q135186693
Ishigami Shrine (precinct of Yakumo Shrine),Q135194388
Ishigami Shrine (Q135194384),Q135194384
Ishihenokashiki- Shrine,Q135039795
Ishii Shrine (Echigo Province),Q135070000
"Ishii Shrine (Hōjō, Kashiwazaki)",Q135195089
Ishii Shrine (Mishima District),Q135195087
Ishii Shrine (Nagaoka),Q135195088
"Ishii Shrine (Nishihonmachi, Kashiwazaki)",Q135195090
"Ishii Shrine (Nishiyama, Kashiwazaki)",Q135195086
Ishii Shrine (Q135069999),Q135069999
Ishii Shrine (Santō district),Q135070001
Ishikamino Shrine,Q135040013
Ishimaki Shrine,Q11586490
Ishimiya Shrine,Q135070100
Ishino Shrine (Q135039433),Q135039433
Ishino shrine Co-enshrinement,Q135270925
Ishise-hiko Shrine,Q135194913
Ishisunyamaguchi Shrine,Q135069128
"Ishitateo Shrine (Isobe, Minami-ku, Sagamihara)",Q135193270
Ishitateo Shrine (Nagura Gongen),Q135193269
Ishitateo Shrine (Sanogawa),Q135193268
Ishitokutaka Shrine (Mamezuka Shrine),Q135192938
Ishitsukuri Shrine,Q135190056
Ishitsukurino Shrine,Q135039480
Ishitsukurino Shrine (Q135038739),Q135038739
Ishitsukurino Shrine (Q135039498),Q135039498
Ishitsukurino Shrine (Q135039545),Q135039545
Ishitsukurino Shrine (Q135098983),Q135098983
Ishiura Shrine,Q11586806
Ishiura Shrine (Q135194813),Q135194813
Ishiwino Shrine,Q135040470
Ishizu Shrine,Q11586788
Ishizukuri Shrine,Q11585161
Ishizukuri Shrine (Q11676453),Q11676453
Ishizukuri Shrine (Q135187144),Q135187144
Ishizumi Shrine,Q135186636
Iso Shrine,Q135039263
Isobe inamura Shrine,Q65681696
Isobe Shrine (Gamo),Q135193519
Isobe Shrine (Miwakare Park),Q135195212
Isobe Shrine (Omihachiman),Q135193521
Isofuno Shrine,Q135040713
Isoheno Shrine,Q135040158
Isoheno Shrine (Q135039404),Q135039404
Isoheno Shrine (Q135039803),Q135039803
Isoheno Shrine (Q135039812),Q135039812
Isoheno Shrine (Q135040373),Q135040373
Isoheno Shrine (Q135041174),Q135041174
Isokimi Shrine,Q135040430
Isonokami Co-enshrinement,Q135270415
Isonokamifutsumitama Shrine,Q11584766
Isonokamino Shrine,Q135039308
Isonono Shrine,Q135041435
Isononosakino Shrine,Q135040737
Isousatsu Shrine,Q135070171
Isozaki Shrine,Q135070181
Ita Shrine,Q134926816
Itahato Shrine,Q11379270
Itakeru Shrine,Q135070151
Itaki Shrine,Q135070109
Itakino Shrine,Q135040910
Itakino Shrine (Q135270432),Q135270432
Itaretsu Shrine,Q135070032
Itaretsuhachiman Shrine,Q135070030
Itata Shrine (Otagi district),Q135068802
Itata Shrine former site,Q135179857
Itate Shrine,Q11380847
Itateno Shrine,Q135040498
Itatsura Hachiman Shrine,Q135195272
Itatsura Inari Shrine,Q135195273
Itatsurano Shrine,Q135040572
Itawi Shrine,Q135040755
Itosakino Shrine,Q135040258
Itsukino Shrine,Q135040526
Itsukushima Shrine (Q135068808),Q135068808
Itsumono Shrine,Q135041043
Itsumono Shrine (Q135039927),Q135039927
Itsumono Shrine (Q135040491),Q135040491
Itsumono Shrine (Q135041258),Q135041258
Itsumono- Shrine,Q135039738
Itsumonoihahino Shrine,Q135039741
Itsunahimeno Shrine,Q135288594
Itsushimino Shrine,Q135040598
Itsushinokanoisoheno Shrine,Q135040503
Itsutano Shrine,Q135041455
Iwafune Shrine,Q124496786
"Iwafune Shrine, Konan",Q65259139
Iwahashi Shrine,Q11587896
Iwai Onsen,Q11474068
Iwai Shrine,Q11587853
Iwai Shrine (Q135179342),Q135179342
Iwai Shrine (Q135194258),Q135194258
Iwai Shrine (Q85882705),Q85882705
Iwaida Shrine,Q135070173
Iwaida Shrine (Q135070174),Q135070174
Iwakami Shrine,Q135068816
Iwakami Yamazumi Shrine,Q20043188
Iwaki Shrine,Q24871378
Iwakumahachimanguu,Q135070229
Iwakura Shrine,Q135194389
Iwakura Shrine (within Sasoza Shrine precinct),Q135194693
Iwano Shrine,Q135040746
Iwashizu Shrine,Q135185797
Iwashizu Shrine (Q11379248),Q11379248
Iwata Shrine,Q135192623
Iwatani‑mon Shrine,Q135194948
Iwato Shrine,Q11585184
Iwato Wake Shrine,Q48754475
Iwatoochiba Shrine,Q135068813
Iwatowakeyakurahimeno Shrine,Q135041343
Iwatowakeyakurahimeno Shrine (Q135270443),Q135270443
Iwatsuhime Shrine,Q11379249
Iwatsuhimeno Shrine,Q135041149
Iwatsutsukowake Shrine,Q11587235
Iwaya Shrine,Q11474394
Iwoumino Shrine,Q135039279
Iya Shrine,Q11498399
Iyahikono Shrine,Q135040462
Iyahimeno Shrine,Q135040325
Iyakaki Shrine,Q135040551
Iyamano Shrine,Q135039329
Iyano Shrine,Q135040543
Iyasumi Shrine,Q135070127
Iyatono Shrine,Q135040560
Iyono Shrine,Q135041429
Iyotsubikoinochi Shrine,Q135070339
Iyotsuhikono- Shrine,Q135041437
Iyu Shrine,Q135070048
Iyu Shrine (Q135195324),Q135195324
Iyuno Shrine,Q135040609
Izanagi Shrine (Q10884977),Q10884977
Izanagi Shrine (Q11379322),Q11379322
Izanagi Shrine (Q11379324),Q11379324
Izanagi Shrine (Q135194488),Q135194488
Izanagi Shrine (Saidera),Q135185758
Izanagi Shrine (Yamada Higashi),Q135185757
Izanagi-no-Miya,Q135186068
Izanami Shrine,Q43594845
Izanami Shrine (Q135070084),Q135070084
Izanami Shrine (Q135070087),Q135070087
"Izanami Shrine, Mima",Q43594855
Izanami-no-Miya,Q135186069
Izu Shrine (Q135194348),Q135194348
Izuhara Hachimangū Shrine,Q11410120
Izumi Shrine (Q11395685),Q11395685
Izumi Shrine (Q11554897),Q11554897
Izumo Inoe-no-Shrine,Q135068645
Izumo Jisai Shrine,Q135070097
Izumo Jisai Shrine Keidaisha Tenjinsha,Q135195620
Izumo Shrine,Q135070013
"Izumoiwai Shrine, Moroyama",Q30933323
Izumonoinamihi Shrine,Q135069545
Izumotakano Shrine (Otagi district),Q135068662
Izumowokano Shrine,Q135099013
"Izumo‑no‑Ihahi Shrine (Itai, Kumagaya City)",Q135193350
"Izumo‑no‑Ihahi Shrine (Yorii Town, Ōsato District)",Q135193349
Izusahime Shrine,Q11380543
Izusan Shrine (protector of the eight provinces),Q135192962
Jiko Shrine,Q135069376
Jogu Shrine,Q11481363
Jufu Shrine,Q135194545
Junisho Shrine,Q135070278
Jurokuhashira Shrine,Q135195359
Juuni Shrine,Q11404815
Juurokuhashira Shrine,Q135070059
Juzo Shrine,Q135194932
Jōgūko Shrine,Q135069162
Jūzō Shrine,Q135194908
Kaasaryou Shrine,Q135070331
Kaba Hachiman Shrine,Q135194694
Kaba Shinmeigu Shrine,Q135192598
Kabatakamo Shrine,Q128867071
Kachihino Shrine,Q135040914
Kachihinotakamori Shrine,Q135040915
Kachimino Shrine,Q135040753
Kadoeno Shrine,Q135040925
Kaehime Shrine,Q11677210
Kaehimeno Shrine,Q135041301
Kafu Shrine,Q135186749
Kafu Shrine (Q135186750),Q135186750
Kafu Shrine (Q135186752),Q135186752
Kafuno Shrine,Q135039395
Kafutohikono Shrine,Q135040316
Kagami-tsukuri-ita Shrine,Q135185122
Kagamitsukuri Ita Shrine,Q54153278
Kagi-no-miya (Kumano Hayatama Shrine),Q135198056
Kagoshima Jingū,Q704695
Kagoyamano Shrine,Q135040075
Kaguraokahachimanguu,Q135070148
Kaguraokahachimanguu (Q135070150),Q135070150
Kagutsuchino Shrine,Q135099012
Kahaahino Shrine,Q135040472
Kahaahino Shrine (Q135039330),Q135039330
Kahachitatanuhino Shrine,Q135040508
Kahaheno Shrine,Q135041093
Kahahino Shrine,Q135195104
Kahakamino Shrine,Q135041293
Kahakamino Shrine (Q135040923),Q135040923
Kahakareno Shrine,Q135039798
Kahakareno Shrine (Q135270298),Q135270298
Kahaketano Shrine,Q135039810
Kahamatano Shrine (Q135039133),Q135039133
Kahamatano Shrine (Q135039358),Q135039358
Kahano Shrine,Q135039378
Kaharano Shrine,Q135039553
Kaharano Shrine (Q135270314),Q135270314
Kaharano- Shrine,Q135039266
Kaharano- Shrine (Q135270137),Q135270137
Kahashimano Shrine,Q135039494
Kahashimano Shrine (Q135039530),Q135039530
Kahashukuneno Shrine (Agatsuma District),Q135194274
"Kahashukuneno Shrine (Gyokoda, Shibukawa City)",Q135194278
Kahasukuneno Shrine,Q135039964
Kahata Kamo Shrine,Q135192910
Kahatano Shrine,Q135039796
Kahawano Shrine,Q135039476
Kahinano Shrine,Q135039687
Kahiruno Shrine,Q135040099
Kahiruno Shrine (Q135040128),Q135040128
Kahirutanokuchino Shrine,Q135040133
Kahisaya Shrine,Q135069972
Kai Shrine,Q11559097
Kaina Shrine (Q135193243),Q135193243
Kaina Shrine (Q135193244),Q135193244
Kaka Shrine,Q11399719
Kakitano Shrine (Q135041179),Q135041179
Kakumino Shrine,Q135040363
Kakumiya Shrine,Q135194966
Kakuruno Shrine,Q135039588
Kakuyano Shrine,Q135041189
Kama Shrine,Q135195503
Kamaharano Shrine,Q135040473
Kamarano Shrine,Q135041396
Kamazoku‑Miden Shrine,Q135186188
Kambara Shrine,Q135195148
Kamejima Shrine (reference),Q135194760
Kameyama Shrine (Q135069232),Q135069232
Kamichikama Shrine,Q135187347
Kamigaki Shrine,Q135186318
Kamiishino Shrine,Q135039990
Kamikoso Shrine,Q11360119
Kamimakita Mukuge Shrine,Q135193391
Kamimateinochi Shrine,Q135070170
Kamimura Shrine (former site),Q135186161
Kaminari Mihashira Shrine,Q135098970
Kamineno Shrine,Q135041202
Kaminifukahano Shrine,Q135039802
Kamino Shrine (current site),Q135195209
Kamino- Shrine,Q135039648
Kamisawa Shrine,Q135192802
Kamishima Shrine,Q135070201
Kamishimano Shrine,Q135041231
Kamishiro Shrine,Q135070132
Kamisugi Izumuhime Shrine,Q135194918
Kamitakatsuki Shrine,Q11591046
Kamitsuma Shrine,Q135192641
Kamiyama Shrine,Q135186409
Kamo Shrine (Q106301088),Q106301088
Kamo Shrine (Q11398661),Q11398661
Kamo Shrine (Q11634949),Q11634949
Kamo Shrine (Q11634952),Q11634952
Kamo Shrine (Q11675602),Q11675602
Kamo Shrine (Q11675604),Q11675604
Kamo Shrine (Q135040291),Q135040291
Kamo Shrine (Q135041288),Q135041288
Kamo Shrine (Q135069914),Q135069914
Kamo Shrine (Q135070168),Q135070168
Kamo Shrine (Q135070224),Q135070224
Kamo Shrine (Q135070332),Q135070332
Kamo Shrine (Q135194592),Q135194592
Kamo Shrine (Q135194975),Q135194975
Kamo Shrine (Q135195211),Q135195211
Kamo Shrine (Q54153261),Q54153261
Kamo Shrine (Sakaide),Q11675600
Kamo Shrine Remains,Q135185440
Kamo Yamaguchi (Sawada) Shrine,Q135179289
Kamogami Shrine,Q135070272
Kamogami Shrine (Q135070276),Q135070276
Kamohara Shrine,Q135045395
Kamonahino Shrine,Q135041142
Kamono Shrine (Q135039432),Q135039432
Kamono Shrine (Q135039440),Q135039440
Kamono Shrine (Q135039667),Q135039667
Kamono Shrine (Q135041197),Q135041197
Kamono Shrine (Q135041213),Q135041213
Kamono Shrine (Q135041214),Q135041214
Kamono Shrine (Q135041305),Q135041305
Kamonookaminomikokaminushitama Shrine,Q66085127
Kamori Shrine,Q135041054
Kamubeno Shrine,Q135041116
Kamuhano Shrine,Q135040215
Kamuheno Shrine,Q135039684
Kamuheno Shrine (Q135039697),Q135039697
Kamuheno Shrine (Q135098975),Q135098975
Kamukahano Shrine,Q135038752
Kamukakino Shrine,Q135039313
Kamumeitsukino- Shrine,Q135040334
Kamunahino Shrine,Q135040542
Kamuno Shrine,Q135040528
Kamuno Shrine former site,Q135195210
Kamunono Shrine,Q135041391
Kamunono Shrine (Q135040493),Q135040493
Kamuohonamochimikono Shrine,Q135040955
Kamurono Shrine,Q135040725
Kamusakino Shrine (Q135039267),Q135039267
Kamusakino Shrine (Q135039396),Q135039396
Kamusakino Shrine (Q135041384),Q135041384
Kamusakino Shrine (Q135270136),Q135270136
Kamusohino Shrine,Q135040210
Kamusukinoitsumuhimeno Shrine,Q135040330
Kamutano Shrine,Q135041107
Kamutano Shrine (Q135040286),Q135040286
Kamutano Shrine (Q135040507),Q135040507
Kamutano Shrine (Q135270353),Q135270353
Kamutono Shrine,Q135040383
Kamutono Shrine (Q135040663),Q135040663
Kamutsuchikamano Shrine,Q135039546
Kan-no-Me Shrine,Q135194925
Kana Zakura Shrine,Q135193248
Kanasakura Shrine,Q135193245
Kanasakura Shrine (Q135193246),Q135193246
Kanasakurano Shrine,Q135039689
Kanasukino Shrine,Q135040965
Kanayama-hiko Shrine,Q135194823
Kanayamano Shrine,Q135041557
Kanazakura Shrine (Kai Province),Q135069489
Kanazakura Shrine (Q135069485),Q135069485
Kanazakura Shrine (Q135193249),Q135193249
Kanazakura Shrine (Yamanashi district),Q135069491
Kanbara Shrine (Q63148107),Q63148107
Kanbe Shrine,Q135193241
Kanbe Shrine (Q135193242),Q135193242
Kanda Shrine (Hakusan City),Q135194806
Kanda Shrine (Kanazawa City),Q135194808
Kanda Shrine (Oaza Fumon),Q135193479
Kanda Shrine (Q11590647),Q11590647
Kanda Shrine (Q135194816),Q135194816
Kandani Shrine,Q11590885
Kandate Iino Takaichi Shrine,Q135186710
Kandate Iino Takaichi Shrine Co-Enshrinement,Q135069242
Kandate Shrine,Q135186612
Kando Shrine,Q135195013
Kaneno Shrine,Q135039533
Kaneno Shrine (Q135270307),Q135270307
Kangi-in,Q11545320
Kanhatorihatadono Shrine,Q135186223
Kanira Shrine,Q135187273
Kanisanakino Shrine,Q135040966
Kanmine Shrine (Haramachi Ward),Q135194399
Kanmusuhitamano- Shrine,Q135041087
"Kannabi Shrine (Fuchu city, Hiroshima)",Q104660635
Kanno Shrine,Q11590985
Kanno Shrine (Q135070328),Q135070328
Kanno Shrine (Q135198162),Q135198162
Kanno Shrine (Q135198163),Q135198163
Kansaki Shrine,Q135039831
Kansha Shrine,Q135039271
Kanshiro Shrine,Q135040302
Kanshirono Shrine,Q135041049
Kantamaihotoshino Shrine,Q135040964
Kantamainochinushino Shrine,Q135040954
Kantamaitsunohimeno Shrine,Q135040976
Kantamakotsunotama Shrine,Q135041074
Kantamamikono Shrine,Q135040953
Kantamano Shrine,Q135040977
Kantano Shrine,Q135040292
Kantano Shrine (Q135039789),Q135039789
Kara Shrine,Q135020550
Karahino Shrine,Q135039342
Karai Shrine,Q17220848
Karakamano Shrine,Q135041046
Karakawa Shrine,Q83886404
Karakuni Shrine (Q135040666),Q135040666
Karakuniitatematsuruno Shrine,Q135041051
Karakuniitateno Shrine,Q135040786
Karakuniitateno Shrine (Q135040908),Q135040908
Karakuniitateno Shrine (Q135040960),Q135040960
Karakuniitateno Shrine (Q135041044),Q135041044
Karakunino- Shrine,Q135041488
Karakuri Shrine,Q135070107
Karakuri Shrine (Q135070106),Q135070106
Karasaki Shrine (Q135193743),Q135193743
Karasu Shrine,Q135186444
Karatachi Shrine,Q135040593
Karinono Shrine,Q135040515
Karita Shrine,Q134892535
Karitahikono Shrine,Q135040070
Karitahimeno Shrine,Q135040071
Karitamineno Shrine,Q135039983
Karonono Shrine,Q135039811
Karuno Shrine,Q119929619
Karuno Shrine (Iwakura),Q135193541
Karuno Shrine (Kano),Q135193540
Karuno Shrine (Q135193619),Q135193619
Karuno Shrine (Q135193620),Q135193620
Kasaharano Shrine,Q135039936
Kasahayano Shrine,Q135040219
Kasamano Shrine,Q135040254
Kasamano Shrine (Q135040284),Q135040284
Kasami Shrine,Q11398477
Kasano Shrine,Q135194824
Kasano Shrine (Kaga Province),Q135069932
Kasano Shrine (Q135069927),Q135069927
Kasano Shrine (Q135069931),Q135069931
Kasano Shrine (Q135194830),Q135194830
Kasano Shrine (Q135194831),Q135194831
Kasanono Shrine,Q135040299
Kasayano Shrine,Q135039703
Kasechino Shrine,Q135039317
Kashihahimeno Shrine,Q135041377
Kashihara- Shrine,Q135040339
Kashikuri Shrine,Q11398800
Kashima Amatarashi Wake Shrine,Q11677110
Kashima Amatarashiwake Shrine,Q20043641
Kashima Miko Shrine (Q11677124),Q11677124
Kashima Onata Shrine,Q11677158
Kashima Onata Shrine (Q135194329),Q135194329
Kashima Shrine,Q135195015
"Kashima Shrine (Kunimi, Date District)",Q135194335
"Kashima Shrine (Oda, Fukushima City)",Q135194333
"Kashima Shrine (Okajima, Fukushima City)",Q135194334
Kashima Shrine (Q135039996),Q135039996
Kashima Shrine (Q135040000),Q135040000
Kashima Shrine (Q135069030),Q135069030
Kashima Shrine (Q135069590),Q135069590
Kashima Shrine (Q135069647),Q135069647
Kashima Shrine (Q135069663),Q135069663
Kashima Shrine (Q135069862),Q135069862
Kashima Shrine (Q135193647),Q135193647
Kashima Shrine (Q135193655),Q135193655
"Kashima Shrine (Toriyano, Fukushima City)",Q135194332
"Kashima Shrine (Yoshida-saku, Watari Town, Watari District, Miyagi Prefecture)",Q135194327
Kashima Tenashiwake Shrine,Q135194316
Kashima Tenashiwake Shrine (Q135194319),Q135194319
Kashima-Itsunohikeno Shrine,Q135039994
Kashimawonatano Shrine,Q135039995
Kasuga Shrine,Q135040125
Kasuga Shrine (Q11513674),Q11513674
Kasuga Shrine (Q135041146),Q135041146
Kasuga Shrine (Q135068885),Q135068885
Kasuga Shrine (Q135069108),Q135069108
Kasuga Shrine (Q135069130),Q135069130
Kasuga Shrine (Q135069920),Q135069920
Kasuga Shrine (Q135070057),Q135070057
Kasuga Shrine (Q135070319),Q135070319
Kasuga Shrine (Q135190257),Q135190257
Kasuga Shrine (Q135193662),Q135193662
Kasuga Shrine (Q135194511),Q135194511
Kasuga Shrine (Q135194563),Q135194563
Kasuga Shrine (Q135194673),Q135194673
Kasuga Shrine (Q135194697),Q135194697
Kasuga Shrine (Q135194755),Q135194755
Kasuga Shrine (Q135195348),Q135195348
Kasuga Shrine (Q135206806),Q135206806
Kasuga- Shrine,Q135069921
Kasuga-sha (Higashi-Beppu),Q135069551
Kasukamino Shrine,Q135040273
Kasumekentou Shrine,Q28690058
Kasuyano Shrine,Q135039272
Kataakatatsuno Shrine,Q135039902
Katagishi Shrine,Q135194735
Kataharano Shrine,Q135039576
Kataheno Shrine,Q135041182
Katakishino Shrine,Q135040235
Katamaneno Shrine,Q135041280
Katano Shrine (Q135041102),Q135041102
Kataoka Shrine (Q135186659),Q135186659
Kataoka Shrine (Q28682738),Q28682738
Katashiba Shrine,Q135194672
Katashihano Shrine,Q135040171
Katasuge Shrine,Q134930291
Katasuge Shrine (Q135192780),Q135192780
Katasukano- Shrine,Q135039644
Katata Shrine,Q135186086
Katayama Shrine (Q135069348),Q135069348
Katayamahachiman Shrine,Q135069347
Katayamano Shrine,Q135039520
Katayamano Shrine (Q135039527),Q135039527
Katayamano Shrine (Q135039827),Q135039827
Katayamano Shrine (Q135270145),Q135270145
Katori Omiko Shrine,Q135194426
Katori Shrine,Q135069631
Katorigo Shrine,Q135069628
Katoriitsuno- Shrine,Q135040002
Katoshimikokamino Shrine,Q135040028
Katoshimikokamino Shrine (Co-Enshrinement),Q135194424
Katsugumi Shrine,Q135192779
Katsurakihimeno Shrine,Q135099017
Katsurakio Shrine,Q18991490
Katsurano- Shrine,Q135041169
Kattamine Shrine,Q11396254
Kattamine Shrine (Q65249271),Q65249271
Katte Shrine,Q11400330
Kawaai Shrine,Q85879982
Kawabe Hachiman Shrine,Q135070023
Kawabe Shrine,Q135186567
Kawabe Shrine (Q135186574),Q135186574
Kawachi Shrine,Q135195178
Kawageta Shrine,Q135193537
Kawai Shrine,Q135195146
Kawai Shrine (Shimogamo Shrine Keidai-Sessha),Q135068711
Kawakami Shrine,Q135070259
Kawakami Shrine (Awaji Province),Q135070260
Kawakami Shrine (Tsuna district),Q135070262
Kawaketamikabe Shrine,Q11553975
Kawamata Shrine (Q135186649),Q135186649
Kawamata Shrine (Q135186650),Q135186650
Kawamata Shrine (Q135186652),Q135186652
Kawamata Shrine (Q135186654),Q135186654
Kawamata Shrine (Q135186655),Q135186655
Kawamata Shrine (Q135186656),Q135186656
Kawara Shrine (Q11667602),Q11667602
Kawara Shrine (Q17209206),Q17209206
Kawarano Shrine,Q135039345
Kawarano Shrine (Q135040525),Q135040525
Kawase Shrine,Q11554016
Kawashima Shrine,Q11478285
Kawasukune Shrine (Higashiagatsuma),Q66085131
Kawasukune Shrine (Shibukawa),Q66085130
Kawata Shrine (Koka),Q11479035
Kawata Shrine (Q11479033),Q11479033
Kawata Shrine (Tonmiya Village),Q135193501
Kawawa Shrine,Q11477816
Kawawaki Shrine,Q135193538
Kawazoe Shrine,Q135186197
Kayanarumino Shrine (Q135270113),Q135270113
Kayorunarubiinochi Shrine,Q135069116
Kazahaya Shrine,Q135194696
Kazunasaitomiso Shrine,Q135070313
Kehi Shrine,Q11129346
Kehi Shrine (Q135040689),Q135040689
Keikō Tennō Shrine,Q135069366
Keiman Shrine,Q11499585
Keisenasaooshima Shrine,Q135069874
Ken Shrine,Q135070287
Kesemano Shrine,Q135040009
Kesemaohoshimano Shrine,Q135040014
Kesenma Ōshima Shrine,Q135194377
Kesenma Ōshima Shrine (Q135194394),Q135194394
Keta Mikogami Shrine,Q135194763
Keta-hongū,Q11548072
Ketamikono Shrine,Q135040269
Ketanino Shrine,Q135040243
Ketaniya Kokuryū Shrine,Q135194747
Ketsurikurino Shrine,Q135039507
Keyakihara Shrine,Q135194249
"Kibe Shrine (Harue Town, Sakai City)",Q135194739
"Kibe Shrine (Sakai Town, Sakai City)",Q135194740
Kibitsu Shrine Keidai-sha,Q135197968
Kiburi Shrine,Q11523697
Kifune Shrine (Q135194031),Q135194031
Kifune Shrine (Q135194405),Q135194405
Kifusa Shrine,Q135197704
Kiheno Shrine,Q135040240
Kikamino Shrine,Q135041118
Kikiheno Shrine,Q135040604
Kimachino Shrine,Q135040779
Kineno Shrine (Q135039247),Q135039247
Kineshou Shrine,Q135069502
Kineshou Shrine (Kai Province),Q135069503
Kinomiya Shrine (Q119929624),Q119929624
Kinpu Shrine (Q135195066),Q135195066
Kinshin Shrine,Q135069362
Kinshinshakyuuseki,Q135069364
Kinumaki Shrine,Q21655263
Kinutateno Shrine,Q135040045
Kirihara Ishibe Shrine (Teradomari),Q135195060
Kirihara Isobe Shrine (Kamigiri),Q135195059
Kiriharaishibe Shrine,Q135069994
Kiriharaishibe Shrine (Echigo Province),Q135069995
Kiriharano Shrine,Q135040440
Kiriharano Shrine (Q135040627),Q135040627
Kirinono Shrine,Q135040635
Kirishima Higashi Shrine,Q135070354
Kirishimamine Shrine,Q11660876
Kirishimano Shrine,Q135041487
Kiri‑hara Shrine,Q135195353
Kirutano Shrine,Q135039403
Kisa Shrine,Q28682729
Kisaki Shrine,Q134930558
Kishikahano Shrine,Q135041292
Kishikawa Shrine,Q135070257
Kishino Shrine,Q135039288
Kishino Shrine (Q135039376),Q135039376
Kisukino Shrine,Q135041101
Kita Shrine,Q134930691
Kitano Shrine,Q135193729
Kitano Tenjinsha,Q11404276
Kitano Tenjinsha sessha,Q135193332
"Kitano Tenmasha (Kita‑no‑chō, Hachiōji City)",Q135193298
Kitsumi Shrine,Q135195246
"Kitsune Mound (Ōta, Ueno Village)",Q135186236
Kiyama Shrine,Q11426120
Kiyonowihano Shrine,Q135039269
Kiyonowihano Shrine former site,Q135186131
Kobe Shrine,Q135185299
Kobe Shrine (Sugaru Shrine),Q135185301
Kobimine Shrine,Q11447922
Koe Shrine (Ebie),Q135193641
Kogaikuni Shrine,Q11625493
Kogano Shrine,Q135038753
Kogihara Shrine,Q135070190
Kogihara Shrine (Harima Province),Q135070191
Koguchi Shrine,Q135069342
Kogura Shrine,Q135192621
Kohakino Shrine,Q135040069
Kohaku Shrine,Q72707416
Kohata Shrine (Gokasho),Q135068833
Kohata Shrine (Kobata),Q135068835
Kohoriheno Shrine,Q135039620
Kojin Shrine,Q135194003
Kojino Shrine,Q11479874
Kokaneyamano Shrine,Q135040041
Kokorozashinunohi Shrine,Q135070037
Kokubunji Hekireki Shrine,Q135197714
Kokubunjihekireki Shrine,Q135070152
Kokubunjihiyakurakuno Shrine,Q135041124
Kokura Shrine,Q135039605
Kokuryu Shrine (Hakusan Shrine precincts),Q135194749
Kokuwakura Shrine Haiden,Q48755655
Kokuzō Shrine,Q11421390
Komagatane Shrine Satomiya,Q135194418
Komagatane Shrine Take‑no‑miya,Q135194419
Komai Sukune‑no‑Mikoto Shrine,Q135198978
Komakataneno Shrine,Q135040026
Komaki Sukune‑no‑Mikoto Shrine,Q135198962
Komashi- Shrine,Q135040338
Komatsu Shrine (Fukushima Prefecture),Q135194433
Komatsu Shrine (Miyagi Prefecture),Q135194432
Komatsuno Shrine,Q135040040
Komatsuno Shrine (Q135041450),Q135041450
Komayuminono Shrine,Q135039946
Komayuminono Shrine (central shrine),Q135194267
Komayuminono Shrine (inner shrine),Q135194268
Komayuminono Shrine (Q135194269),Q135194269
Komayuminono Shrine (village shrine),Q135194266
Komi Hachiman Shrine,Q135197839
Komori Katte Shrine,Q11603933
Konashino Shrine,Q135041178
Konawino Shrine,Q135041168
Kone Shrine,Q135192657
Kone Shrine (Kihara Gongen Shrine),Q135192656
Koneno Shrine,Q135039618
Konono Shrine,Q135040092
Konoshima Nimasu Amateru Mitama Shrine,Q11518370
Konosumino Shrine,Q135040234
Konyu Shrine,Q135195065
Konzō-ji Temple,Q135179343
Korizu Shrine,Q20044233
Koroku Miko Shrine,Q135199365
Koroku Shrine,Q135070367
Koroku Shrine (Q135199227),Q135199227
Koroku Shrine (Q135199312),Q135199312
Koroku Shrine (Q135199395),Q135199395
Korokuno Shrine,Q135041537
Korokuno- Shrine,Q135041538
Kosaka Shrine,Q135192926
"Kosaka Shrine (Miki, Izushi Town)",Q135195384
"Kosaka Shrine (Morii, Izushi Town)",Q135195385
Kosaka Shrine (Q135070070),Q135070070
Kosaka Shrine (Tajima Province),Q135070071
Koshikino- Shrine,Q135098979
Kososhino Shrine,Q135040938
Kota Shrine (Niigata),Q172417
Kotekan Shrine,Q135070050
Kotoimi Shrine,Q135069225
Kotoimi Shrine (Ise Province),Q135069226
Kotoimi Shrine (Q135186622),Q135186622
Kotoimi Shrine (Q135186623),Q135186623
Kotoimino Shrine,Q135039348
Kotoshironushi Shrine (Q48758503),Q48758503
Kotoshironushino Shrine,Q135041369
Kotsumi Shrine (Kyotango City),Q135195269
Kotsumi Shrine (Yosa District),Q135195267
Kotsumino Shrine,Q135040570
Kotsuno Shrine,Q135040947
Kou Shrine,Q135069238
Kouhou Shrine,Q135070180
Koukinemurataiheishushin Shrine,Q135070060
Kousuna Shrine,Q135070083
Koutari Shrine,Q126285710
Koyano- Shrine,Q135040723
Koyasu Shinmeisha,Q135187196
Koyasu Shrine (Q135069608),Q135069608
Koyasu Shrine (Q135192617),Q135192617
Kubo Hachiman Shrine (Ōimata Kubo Hachiman Shrine),Q135193250
Kuhaharano Shrine,Q135040701
Kuhaharano Shrine (Q135270271),Q135270271
Kuhanano Shrine,Q135039442
Kuharano Shrine,Q135040354
Kuhatano Shrine,Q135040492
Kuhiwokano Shrine (Q135040575),Q135040575
Kuhiwokano Shrine (Q135270092),Q135270092
Kukuhi Shrine,Q11368920
Kukumiohiko Shrine,Q11368919
Kukushimino Shrine,Q135039383
Kumage Shrine,Q135070223
Kumakafutsuarakashihiko Shrine,Q135194869
Kumakafutsuarakashihikono Shrine,Q135040309
Kumakeno Shrine,Q135041254
Kumaku Shrine,Q131932258
Kumakurano Shrine,Q135040512
Kumano Daijin Shrine,Q135069550
Kumano Shrine,Q135070256
Kumano Shrine (Azumigawa Town),Q135193740
Kumano Shrine (Etchū Province),Q135069977
Kumano Shrine (former site of Ōba Shrine),Q135193266
Kumano Shrine (Imazu Town),Q135193738
"Kumano Shrine (Iwadono, Minamiizu Town)",Q135192837
"Kumano Shrine (Kumanomichi, Fuchu Town)",Q135195002
"Kumano Shrine (Miyabo, Toyama City)",Q135194998
"Kumano Shrine (Nakama, Fuchu Town)",Q135195001
Kumano Shrine (Nei district),Q135069978
Kumano Shrine (Q11568963),Q11568963
Kumano Shrine (Q135039874),Q135039874
Kumano Shrine (Q135040382),Q135040382
Kumano Shrine (Q135040595),Q135040595
Kumano Shrine (Q135040667),Q135040667
Kumano Shrine (Q135069394),Q135069394
Kumano Shrine (Q135069552),Q135069552
Kumano Shrine (Q135069976),Q135069976
Kumano Shrine (Q135070024),Q135070024
Kumano Shrine (Q135070039),Q135070039
Kumano Shrine (Q135070356),Q135070356
Kumano Shrine (Q135190100),Q135190100
Kumano Shrine (Q135195502),Q135195502
Kumano Shrine (Satomiya),Q135070112
Kumano Shrine (Shinasahi Town),Q135193739
"Kumano Shrine (Tomosaka, Fuchu Town)",Q135195000
"Kumano Shrine (Tsutsumi, Kamisato Town)",Q135193379
Kumano Shrine (Yōkaichi),Q135193374
Kumano-sha,Q135187187
Kumanoshinguu Shrine,Q135070041
Kumanowakamiyamikami Shrine,Q135070040
Kumatano Shrine,Q135040276
Kume Shrine,Q135070113
Kumeno Shrine,Q135040366
Kumeno Shrine (Q135040917),Q135040917
Kumeno Shrine (Q135270433),Q135270433
Kumetano Shrine,Q135040228
Kumokeno Shrine,Q135041393
Kumomi Sengen Shrine (Ontake Sengen-gū),Q135192822
Kumukeno Shrine,Q135040294
Kumuno Shrine,Q135041053
Kunarino Shrine,Q135039304
Kunawino Shrine,Q135041079
Kunigami Shrine,Q43594557
Kunihara Shrine,Q135187225
Kunihara Shrine (Q135190112),Q135190112
Kuniharano Shrine,Q135039521
Kuniharano Shrine (Q135040584),Q135040584
Kunihashiramikoto Shrine,Q134893137
"Kuniichigi Shrine (Morito, Sakado)",Q135193338
Kuniji Shrine,Q135070218
Kuniji Shrine (Q135070121),Q135070121
Kunijuu Shrine,Q135069915
Kunijuu Shrine (Echizen Province),Q135069916
Kunikakasuno Shrine,Q135041275
Kunikatanushino Shrine,Q135041494
Kunimoto Shrine,Q135199504
Kunimurano Shrine,Q135041069
Kuninaka Shrine,Q135194617
Kuninaka Shrine (Q135194622),Q135194622
Kuninakano Shrine,Q135040157
Kuninariohonono Shrine,Q135040220
Kuninomi Shrine,Q135098932
"Kuninomi Shrine (Legendary Site B, Tokorocho, Matsusaka)",Q135186395
Kuninomi Shrine Site (Legendary Site A),Q135186393
Kuninotokotachi Shrine,Q135069135
Kunio Ōno Shrine,Q135194707
Kunitakayorihikono Shrine,Q135041247
Kunitama Shrine,Q134930702
Kunitama Shrine (Q135193030),Q135193030
Kunitama Shrine (Q135193034),Q135193034
Kunitamano Shrine,Q135039457
Kunitsu Shrine,Q135041210
Kunitsu Shrine (Q135198631),Q135198631
Kunitsuhiko-no-Mikoto Shrine,Q126709405
Kunitsukami Shrine,Q135041511
Kunitsuno Shrine,Q135039321
Kuniwichino- Shrine,Q135098982
Kurahashino Shrine,Q135040699
Kurai Shrine,Q135070178
Kurami Shrine,Q135040097
Kuramino Shrine,Q135040921
Kurawokino Shrine,Q135041157
Kureha-Anekurahime Shrine,Q11447234
Kurita Shrine,Q135195247
Kuritano Shrine,Q135040564
"Kurohime Shrine (Sato‑miya, Takayanagi Town, Kashiwazaki City)",Q135195075
Kuroiwa Ishito Shrine,Q135187113
Kuronono Shrine,Q135040716
Kuronuma Shrine,Q17228379
Kuroshima Shrine,Q11678192
Kuroshimano shrine,Q135041398
Kurotano Shrine (Q135039861),Q135039861
Kurotatsu Shrine,Q135194748
Kurotona Shrine,Q135069470
Kurotona Shrine (Kai Province),Q135069471
Kurotonano Shrine,Q135039688
Kurotonano Shrine (Q135270283),Q135270283
Kuruhi Shrine,Q135040690
Kurumano Shrine,Q135039357
Kurumitano Shrine,Q135039835
Kusakano Shrine,Q135040759
Kusakano Shrine (Q135040972),Q135040972
Kusanagi Shrine,Q11618229
Kusanagi Shrine (Q11368944),Q11368944
Kusano Shrine,Q11616108
Kusaoka Shrine,Q135040378
Kusaoka Shrine (Q135194974),Q135194974
Kusawokano Shrine,Q135039866
Kushi Inataki Hime Shrine (Noto Province),Q135069962
Kushi iwamado Shrine,Q17218980
Kushibi Shrine,Q135194867
Kushida Shrine (Matsusaka),Q11544726
Kushida Shrine (Q135186410),Q135186410
"Kushida Shrine, Imizu",Q11544725
Kushiina Inataki-hime Shrine (Iikawa Town),Q135194901
Kushiina Inataki-hime Shrine (Kokubu Town),Q135194900
Kushiinatakino Shrine,Q135040324
Kushimachinomikotono Shrine,Q135021846
Kushimikenono Shrine,Q135040902
Kushinashino Shrine,Q135041390
Kushiro-kokeka- Shrine,Q135041129
Kushirokahime Shrine,Q24864064
Kushitano Shrine,Q135039420
Kushitatsukimotono Shrine,Q135098936
Kusuhinano Shrine,Q135040008
Kusumoto Shrine,Q11542244
Kusumoto Shrine (Kita Kinomoto),Q135185623
Kusumoto Shrine (Minami Kinomoto),Q135185621
Kusuyano Shrine,Q135040064
Kutamino Shrine,Q135040742
Kutamino Shrine (Q135040777),Q135040777
Kutamino Shrine (Q135040940),Q135040940
Kutamino Shrine (Q135270429),Q135270429
Kutano Shrine,Q135039478
Kutaya Shrine,Q135070092
Kutehikono Shrine,Q135040320
Kutono Shrine,Q135041300
Kutono Shrine (Q135041185),Q135041185
Kutowa- Shrine,Q135040654
Kutsumino Shrine,Q135040107
Kutsumino Shrine (Q135039669),Q135039669
Kutsumino Shrine (Q135270418),Q135270418
Kutsuno Shrine,Q135040625
Kutsuokamino Shrine,Q135041522
Kuwabara Shrine,Q70203929
"Kuwabara Shrine (Kuwanohon, Takeno Town)",Q135195556
"Kuwabara Shrine (Morimoto, Takeno Town)",Q135195555
Kuwada Shrine,Q11537594
Kuwahara Shrine,Q135070075
Kuwahara Shrine (Tajima Province),Q135070076
Kuwata Shrine (Mahori),Q135195184
Kuwato Shrine,Q135192924
Kuwayama Shrine,Q11650775
Kuzu Shrine,Q135069117
Kuzu Shrine (Q135069143),Q135069143
Kuzumi Shrine,Q11621015
Kō Shrine (Q11618837),Q11618837
